category	sum	mean	count
gene_expression	5.873292015353918	0.00615649058213199	954
ssGSEA_pathway	0.2021606205175627	0.004301289798246015	47
